current_level,xp_to_next,cumulative_xp_at_start,notes
1,45,0,
2,113,45,
3,225,158,
4,375,383,
5,563,758,
6,647,1321,
7,731,1968,
8,816,2699,
9,900,3515,
10,985,4415,
11,1069,5400,
12,1154,6469,
13,1238,7623,
14,1322,8861,
15,1406,10183,
16,1491,11589,
17,1575,13080,
18,1660,14655,
19,1744,16315,
20,1829,18059,
21,1913,19888,
22,1997,21801,
23,2081,23798,
24,2166,25879,
25,2250,28045,
26,2335,30295,
27,2419,32630,
28,2504,35049,
29,2588,37553,
30,2672,40141,
31,2756,42813,
32,2841,45569,
33,2925,48410,
34,3010,51335,
35,3094,54345,
36,3179,57439,
37,3263,60618,
38,3347,63881,
39,3431,67228,
40,3516,70659,
41,3600,74175,
42,3685,77775,
43,3769,81460,
44,3854,85229,
45,3938,89083,
46,4022,93021,
47,4106,97043,
48,4191,101149,
49,4275,105340,
50,4360,109615,
51,4444,113975,
52,4529,118419,
53,4613,122948,
54,4697,127561,
55,4781,132258,
56,4866,137039,
57,4950,141905,
58,5035,146855,
59,5119,151890,
60,5204,157009,
